{
    "loss": 0.5934555530548096,
    "accuracy": 0.9224137663841248
}