{
    "loss": 0.5993868708610535,
    "accuracy": 0.9568965435028076
}